userid,username,Name ,location,postids,profilepic,followerid,followercount,birthdate,accountcreated
83930,raji07,Raji Kumar,"Madhya Pradesh, India","[2231,65560,65852]",83930.png,"[83952,83947,83942]",3,12/2/2022,23/1/2034
83931,rohan07,Rohan Manu,"Odisha, India",[6578],83931.png,[],0,21/2/2015,28/3/2035
83932,hari_m,Harish Malhothra ,"West Bengal, India","[72168, 22561,81726]",83932.png,"[83940,83950,83948,83941,83935]",5,22/2/2003,29/3/2032
83933,indu_k,Indu Khanna,"SanFrancisco, California ","[68756,28763,8674]",83933.png,"[83946,83947]",2,23/2/2005,30/3/2025
83934,loch_ness,Lochan Puri,"Beijing, China ","[2762,38763,48784,7874,7643,78338]",83934.png,"[83935,83952,83947,83942,83943,83944,83945]",7,24/2/2020,31/3/2025
83935,sen_lati,Latika Sen,"Bolton, United Kingdom ","[21548,32548]",83935.png,"[83938,83952,83939,83940,83941,83944]",6,25/2/2011,1/4/2026
83936,haim_s01,Haimi Sarna,"Sins, Switzerland","[962578,9862,3256]",83936.png,"[83950,83949,83948]",3,26/2/2012,2/4/2027
83937,arun_bhave,Arun Bhave,"Linquan, China ","[5487,6541]",83937.png,"[83930,83939,83948,83931,83944]",5,27/2/2013,3/4/2028
83938,ranj_l,Ranjan Limbu,"Turku, Finland ","[95135,35785,654125,54122]",83938.png,[83931],1,28/2/2015,4/4/2029
83939,ranj_b,Ranjan Bagchi,"Margaritas, Mexico ",[65653],83939.png,"[83931,83942]",2,1/3/1916,5/4/1930
83940,bhim_b,Bhima Bhaumik,"Telesti, Romania ","[52167,56425,87854,65215,54125]",83940.png,"[83935,83937]",2,2/3/1917,6/4/1932
83941,gonad_eer,Gunadhya Dheer,"Januaria, Brazil ","[5451,54865]",83941.png,"[83950,83949,83948,83932]",4,3/3/1920,7/4/1931
83942,vino_p,Vinod Pavagi,"Taman, Indonesia ","[15987,542398]",83942.png,"[83950,83931]",2,4/3/1928,8/4/1940
83943,megh_s,Megh Sarkar,"Santo Tomas, Philippines ","[542156,647612]",83943.png,"[83951,83949,83945]",3,5/3/1925,9/4/1937
83944,navi_v,Navin Vaknis,"Acuto, Italy ","[35452,85754]",83944.png,[83952],1,6/3/1931,10/4/1940
83945,amit_c,Amitabh Choraghad,"Raipur, India ","[5245,6852,2462,6354,8745]",83945.png,"[83930,83941]",2,7/3/1932,11/4/1940
83946,anan_p,Ananya Padhya,"Hrazdan, Armenia ","[9832,6512]",83946.png,"[83932,83937]",2,8/3/1933,12/4/1945
83947,kris_tianoSui,Krishna Thakre,"Farlete, Spain","[65487,543832]",83947.png,"[83933,83936,83951]",2,9/3/2029,13/4/2040
83948,shin_d,Shinu Dalavi,"Kot Chiting, Socialist Democrats of Pakistan ","[34521,54621]",83948.png,"[83952,83939,83940,83952]",4,10/3/2028,14/4/2035
83949,nupu_d,Nupur Devdhar,"Westwood, United States of China ",[946137],83949.png,[83930],1,11/3/2027,15/4/2038
83950,arpi_d,Arpita Divekar,"Preone, Democratic peoples republic of Italy ","[213542,2468,5455]",83950.png,"[83950,83949,83948]",3,12/3/2025,16/4/2036
83951,ben_dover ,Ben Dover ,"Pyongyang, Unified Korea Republic of Kim ",[66548],83951.png,"[83932,83942]",2,13/3/2029,17/4/2035
83952,Mike_hunt,Mike Hunt ,"Upyur Pigu, United States of China  ","[976431,134679]",83952.png,[83932],1,14/3/2023,18/4/2033
